Name,URL,Building_Location,Location,Region,Independency,Job_opportunities,Colloquiums,OCW,latitude,longitude
MIT,https://space.mit.edu,"MIT Kavli Institute for Astrophysics and Space Research
Massachusetts Institute of Technology
77 Massachusetts Avenue, McNair Building (MIT Building 37)
Cambridge, MA 02139","77 Massachusetts Ave, Cambridge, MA 02139美國","Cosmology,Exoplanets,Extragalactic astrophysics,First stars,Cosmic structure,Galactic astrophysics,Heliophysics,Gravitational Radiaition,Supernovae,Neutron stars,Blackhole",Yes,,,,42.3592962,-71.09308333
Stanford,https://physics.stanford.edu/research/theoretical-astrophysics-and-cosmology,"Varian Physics, Room 108,382 Via Pueblo Mall,Stanford, CA 94305-4060","450 Serra Mall, Stanford, CA 94305美國","Experimental and Observational Astrophysics and Cosmology,Theoretical Astrophysics and Cosmology,Cosmology",No,https://physics.stanford.edu/about/job-opportunities,,,37.4282802,-122.1663537
Harvard,https://astronomy.fas.harvard.edu,"Harvard Astronomy Department
60 Garden Street, MS 46
Cambridge, MA 02138","44 Brackett St, Brighton, MA 02135美國","Compact Objects,Education and History of Astronomy,Extrasolar Planets,High-Energy Astrophysics,Instrumentation,Observational Cosmology,Stars and Stellar Evolution,Stars and the Interstellar Medium,Theoretical Cosmology,Transients",Yes,,,,42.35105238,-71.16537888
University Of Cambridge,https://www.ast.cam.ac.uk/,"Institute of Astronomy, University of Cambridge, Madingley Road, Cambridge CB3 0HA","The Old Schools, Trinity Ln, Cambridge CB2 1TN英國","Cosmology and Fundamental Physics,Galaxies, Active Galactic Nuclei and Quasars,Instrumentation, Surveys and Projects,Milky Way and Local Group Stars,Star Formation and Exoplanets,Stars and Stellar Evolution,X-ray Astrophysics",Yes,https://www.ast.cam.ac.uk/people/vacancies,,,52.20533055,0.1169200339
University Of Oxford,https://www2.physics.ox.ac.uk/research/astrophysics#,"Clarendon Laboratory
Parks Road
Oxford
OX1 3PU",Oxford OX1 2JD,"cosmology,galaxies and black holes,stars and planets,Instrumentation",No,,,,51.7589881,-1.257013
UC Berkely,https://astro.berkeley.edu,"Department of Astronomy
501 Campbell Hall #3411
University of California at Berkeley","Berkeley, CA, 美國",,Yes,https://astro.berkeley.edu/about/jobs-and-fellowships/,,,37.8708393,-122.272863
Caltech,https://www.astro.caltech.edu,"1200 East California Boulevard
Pasadena, California 91125","1200 E California Blvd, Pasadena, CA 91125美國",,Yes,https://www.astro.caltech.edu/join-us,https://www.astro.caltech.edu/talks-events,,34.1359033,-118.1243083
Princeton,https://web.astro.princeton.edu,"Department of Astrophysical Sciences4 Ivy LanePrinceton University, Princeton, NJ 08544","Princeton, NJ 08544美國","Computational Astrophysics,Cosmology,Galactic,Extragalactic,High-energy,Instrumentation,ISM,Planetary,Plasma,Stellar,Space",Yes,https://web.astro.princeton.edu/jobs,https://web.astro.princeton.edu/events/colloquia,,40.3422888,-74.6588462
ETH,https://ipa.phys.ethz.ch,,"Rämistrasse 101, 8092 Zürich, 瑞士",,No,,https://ipa.phys.ethz.ch/education/colloquium-ipa/current_semester.html,,47.3762613,8.547163418
University Of Tokyo,https://www.s.u-tokyo.ac.jp/en/story/newsletter/attraction/05.html,,,,,,,,35.71276459,139.7614633
Imperical College London,https://www.imperial.ac.uk/astrophysics,"South Kensington Campus London SW7 2AZ, UK","Exhibition Rd, South Kensington, London SW7 2BX英國","Sun,Stars,Planets,Cosmology,Galaxy evolution",Yes,https://www.imperial.ac.uk/jobs/,,,51.4981715,-0.1740421
UCLA,http://www.astro.ucla.edu,"430 Portola Plaza, Box 951547, Los Angeles, CA","Los Angeles, CA 90095","Galactic centre,IR astronomy,Planetary science,Extrasolar planet,Galaxy evolution,Stellar and galactic astronomy,Cosmology,High energy astrophysics",No,https://www.pa.ucla.edu/open-positions.html,,,34.0536909,-118.242766
Tsinghua University,http://astro.tsinghua.edu.cn,"6th floor, MongManWai Building,
     Tsinghua University,
     Beijing 100084, China",中國北京市海淀区双清路30号,"Galaxy,Cosmology,High Energy,Exoplanets",Yes,http://astro.tsinghua.edu.cn/index.php/opportunities/opportunities-professors,,,40.00229045,116.320963
EPFL,https://www.epfl.ch/labs/lastro/,,"Route Cantonale, 1015 Lausanne, 瑞士","Dark Energy,Dark Matter,Cosmology,Galaxy Formation and Evolution",No,https://www.epfl.ch/about/working/,,,46.51922505,6.567904932
NUS,https://www.physics.nus.edu.sg,"Faculty of Science Science Drive 3 Blk S12, Level 2 Singapore 117551","21 Lower Kent Ridge Rd, 新加坡 119077",Cosmology,No,,,,1.296664551,103.7773122
University Of Illinois At Urbana-Champaign,https://astro.illinois.edu,"University of Illinois Urbana-Champaign
1002 W. Green Street
Urbana, IL 61801","Champaign, IL, 美國","Compact Objects,Computation & Data,Cosmology,Galaxies & ISM,Instrumentation,Stars & Planets,Theory",Yes,https://astro.illinois.edu/newsroom/job-openings,,,42.24629805,-83.22875952
Yale University,https://astronomy.yale.edu,"Yale University
Department of Astronomy
Steinbach Hall
Yale University
52 Hillhouse Avenue
New Haven, CT 06511","New Haven, CT 06520美國","Cosmology,Exoplanets,Extragalactic Astronomy,Galactic Astronomy,High Energy Astrophysics,Instrumentation,Solar and Stellar Astrophysics,Star Formation and Interstellar Medium
",Yes,,,,41.29843435,-72.93102343
Columbia University,https://www.astro.columbia.edu,,"550 W 120th St, New York, NY 10027美國","Cosmology & Large scale structure,Galaxies & ISM,High energy astrophysics,Planets,Stars,Instrumentation,Simulations,Theory",Yes,https://www.astro.columbia.edu/jobs,,,40.81000892,-73.9617848
University Of Chicago,https://astrophysics.uchicago.edu,"William Eckhardt Research Center
5640 South Ellis Avenue
Room 599
Chicago, IL 60637","5801 S Ellis Ave, Chicago, IL 60637美國","Dark Energy Survey,Giant Magellan Telescope,Vera Rubin Observatory,Magellan telescopes,South Pole Telecope",Yes,https://astrophysics.uchicago.edu/about/job-opportunities/,,,41.7913505,-87.60084269
Peking University,https://kiaa.pku.edu.cn,,"5 Yiheyuan Rd, Haidian District, Beijing, China, 100871","Observational Cosmology, Galaxy Formation and Evolution,Interstellar medium, Star Formation, and Planets,Gravitational Physics and High-energy Phenomena,Computational Astrophysics",Yes,https://kiaa.pku.edu.cn/Job_Opportunities/Postdoc_Positions.htm,,,39.98698285,116.3056379
Ludwig-Maximilians-Universität München,https://www.usm.uni-muenchen.de/index_en.php,"Scheinerstraße 1, D-81679 München, Germany","4HM5+8X Munich, Germany","Computational astrophysics,Extragalactic Astronomy,Hot stars and stellar winds,Young stars and star formation,Plasma astrophysics,Physical cosmology,Galaxies and dark matter,Protoplanetary disks",Yes,https://www.usm.uni-muenchen.de/Jobs_en.php,,,48.13325998,11.55972979
Technical University Of Munich,https://www.ph.tum.de/research/kta/astro/?language=en,Physik-Department · Technische Universität München,,"Applied quantum theory,observational cosmology,Dense and strange hadronic matter,dark matter,particle physics,Theoretical elementary particles,Theoretical physics of the early universe,",No,,,,48.26690943,11.67529177
Cornell University,https://astro.cornell.edu,"404 Space Sciences Building, Ithaca, New York 14853","626 Thurston Ave, Ithaca, NY 14850美國",,Yes,,,https://courses.cornell.edu/preview_program.php?catoid=31&poid=15110,42.44888365,-76.48108355
UCSB,http://web.physics.ucsb.edu/~astrogroup/,,"Santa Barbara, CA 93106美國","AGN,Scattering in the intergalactic medium,High-contrast imaging of exoplanets,Statistics and data analysis,Pulsars,Interstellar wave propagation,Gravitational radiation,reionization,Cosmological simulations,Supernovae,Dark energy,CMB,Star formation and feedback in galaxies,protoplanetary disks and asteroid/Kuiper belt analogs",Yes,,,,34.41380356,-119.8482604
Kyoto University,http://www.kusastro.kyoto-u.ac.jp,"Kitashirakawa-Oiwake-cho, Sakyo-ku, Kyoto 606-8502, Japan","Yoshidahonmachi, Sakyo Ward, Kyoto, 606-8501日本","black holes, accretion disks,star formation,galactic astronomy,galaxy formation and evolution,Multimessenger astronomy,star forming region,supernovae,transient objects,Planetary Science,",Yes,,,,35.0229299,135.777149
University Of Toronto,https://www.astro.utoronto.ca,"Department of Astronomy & Astrophysics at U of T
50 St. George Street (Room 101)
Toronto, Ontario, Canada M5S 3H4","27 King's College Cir, Toronto, ON M5S加拿大","Solar Systems & Exoplanets,Stars,Galaxies,Origin of the Universe,Instrumentation",Yes,https://www.astro.utoronto.ca/about/job-opportunities/,,,43.663462,-79.39775965
Tokyo Tech,https://educ.titech.ac.jp/phys/eng/,,"JM4M+F4 Meguro City, Tokyo, Japan","Black hole,Cosmology,GRB,Instrument,Superstring theory",No,,,,35.60500076,139.6835302
Lomonosov Moscow State University,https://www.phys.msu.ru/eng//,"119991, Moscow,
Leninskie Gory, 1-2,
Faculty of Physics.","Ulitsa Kolmogorova, 1, Moscow, 俄羅斯119991","Theoretical and mathematical physics,Radiophysics,Optics and spectroscopy",No,,,,55.701189,37.527634
"University Of Maryland, College Park",https://www.astro.umd.edu,"University of Maryland
College Park, MD 20742-2421",,"Center for Theory and Computation,Center for Research and Exploration in Space and Science Technology,Joint Space-Science Institute,Center for Planetary Origins,Lab for Millimeter-Wave Astronomy,Extragalactic Astronomy,Planetary Astronomy Group,High-energy Astrophysics Group,Space and Plasma Physics Group",Yes,,,,38.9856989,-76.9423044
Ruprecht-Karls-Universität Heidelberg,https://www.physik.uni-heidelberg.de/?lang=en,,"Grabengasse 1, 69117 Heidelberg, 德國","Galaxy Evolution,Gravitational Lensing,Statistics and Cosmology,Computational Stellar Dynamics,Theoretical galaxy evolution and stellar dynamics,Gaia Group,Lifecycle of Star Clusters,Galaxy star formation history,White Dwarfs,Galaxy clusters,Multi-scale Star Formation,Galactic Halos,Galaxy Evolution and AGN,Star Formation,Planet Formation,Gravitational lensing and galaxy clusters,Cosmic Dust,Astrochemistry and ISM Dynamics,Physics of Stellar Objects,Exoplanet,Galactic Archaeology,AGN,Extragalactic Astrophysics & High Energy Astrophysics,Instrumentation",No,,,,49.40994405,8.707992372
Université De Recherche Paris-Sciences-Et-Lettres,https://psl.eu/en/graduate-programs/graduate-program-astrophysics,,,"Sun, plasma,Planets, exoplanets,Stars and the interstellar medium,Galaxies and cosmology,Instrumental and digital engineering,Space engineering,High-energy astrophysics,Gravitation",,,,,48.85460568,2.33761216
University Of Michigan,https://lsa.umich.edu/astro,"1085 S. University
323 West Hall
Ann Arbor, MI 48109-1107","101 N Main St, Ann Arbor, MI 48104美國","Cosmology,Extragalactic & Galactic,Extreme Astrophysics,Stars & Exoplanets,Computational Astrophysics,Instrumentation,Michigan Institute for Research in Astrophysics",Yes,,,,42.281597,-83.7487366
University Of Texas,https://www.as.utexas.edu,"The University of Texas at Austin
Department of Astronomy
2515 Speedway, Stop C1400
Austin, Texas 78712-1205","Austin, TX 78712美國","Planetary Systems & Interstellar,Stars,Extragalactic,Instrumentation & Device Development,Education & Public Outreach,Theory",Yes,https://astronomy.utexas.edu/about/recruiting,https://astronomy.utexas.edu/colloquium-and-research-seminars,,30.2711286,-97.7436995
Seoul National University,https://physics.snu.ac.kr/en,"Seoul National University. 1 Gwanak-ro, Gwanak-gu, Seoul 08826, Korea","南韓 Seoul, Gwanak-gu, 관악로 1 서울대학교 생명과학부 504동","Nuclear Physics,Particle Physics,Cosmology,Biophysics",No,,https://physics.snu.ac.kr/en/boards/colloquium,,37.26728,126.9841151
The Hong Kong University Of Technology And Science,http://physics.ust.hk/eng/research.php,"The Hong Kong University of Science and Technology
Clear Water Bay, Kowloon, Hong Kong",香港清水灣,Particle Theory and Cosmology (PTC),No,,,,22.28467135,114.2962715
Tohoku University,https://www.astr.tohoku.ac.jp/en/,"6-3, Aramaki, Aoba-ku, Sendai, Miyagi, 980-8578, Japan","2 Chome-1-1 Katahira, Aoba Ward, Sendai, Miyagi 980-8577日本","extra-solar planets,stars,galaxies,clusters of galaxies,cosmology",Yes,,https://www.astr.tohoku.ac.jp/colloquium/index.html,,38.2530945,140.8736593
Australian National University,https://rsaa.anu.edu.au,"The Australian National University, Canberra",Canberra ACT 0200澳洲,"Black hole phenomena,Galactic archaeology,Instrumentation,Stellar and planetary astronomy,Structure and evolution of the Cosmos",Yes,,https://rsaa.anu.edu.au/news-events/seminars,,-35.28121335,149.1167789
Sapienza University Astronomy,https://www.uniroma1.it/en/offerta-formativa/dottorato/2019/astronomy-astrophysics-and-space-sciencee,"Piazzale Aldo Moro 5, 00185 Roma","Piazzale Aldo Moro, 5, 00185 Roma RM, 義大利",,,,,,41.9013068,12.5153388
The University Of Manchester,https://www.physics.manchester.ac.uk,"Jodrell Bank Observatory, Lower Withington, Macclesfield, Cheshire, SK11 9DL","Schuster Building The University of, Oxford Rd, Manchester M13 9PL英國","Cosmology,Pulsars,Sun stars and galaxies",No,http://www.jodrellbank.manchester.ac.uk/research/jobs/,,,53.467054175345,-2.2340553613678
Georgia Institute Of Technology,https://physics.gatech.edu/research,"School of Physics
Georgia Institute of Technology
837 State Street","North Ave NW, Atlanta, GA 30332美國","Astroparticle Physics,Black Holes and Neutron Stars,Computational Astrophysics,Cosmology and Galaxy Evolution,Gravitational Physics,High-Energy Astrophysics",No,https://physics.gatech.edu/about/employment,,,33.7713526,-84.396345
Shanghai Jiao Tong University,https://www.physics.sjtu.edu.cn/en/,,"China, Shanghai, Minhang District, 东川路 邮政编码: 200240",,No,,,,31.02526605,121.4335746
Osaka University,https://www.sci.osaka-u.ac.jp/en/graduate-schools/earth-and-space-science/,"Osaka University, 1-1 Yamadaoka, Suita, Osaka 565-0871 Japan","1-1 Yamadaoka, Suita, Osaka 565-0871日本","Astrophysics and Planetary Science,Earth and Planetary Material Sciences",No,,,,34.8209154,135.5242456
The University Of Edinburgh,https://ifa.roe.ac.uk/,,"Lauriston Pl, Edinburgh EH3 9DF英國","Active Galactic Nuclei,Cosmology,Exoplanets,Galaxy Formation & Evolution,Milky Way & Local Group,Simulations,Solar System,Wide-Field Astronomy Unit",Yes,https://ifa.roe.ac.uk/phds-jobs-fellowships,https://ifa.roe.ac.uk/seminars-events,,55.94411352,-3.189921323
Sorbonne University,http://www.iap.fr/institut/presentation/presentation.php?langue=en,Institut d'Astrophysique de Paris - 98 bis boulevard Arago - 75014 Paris,,"High energy astrophysics and early Universe,Exoplanets and interstellar medium,Large scale structures and the distant universe,Origin and evolution of galaxies,Stellar physics and extrasolar planets,Theoretical physics: gravitation and cosmology",Yes,http://www.iap.fr/recherche/recrutement/recrutement.php,,,48.8349945,2.33525077
University Of British Columbia,https://phas.ubc.ca/astronomy-astrophysics,"Department of Physics & Astronomy
Vancouver Campus
325 - 6224 Agricultural Road
Vancouver, BC V6T 1Z1","Vancouver, BC V6T 1Z4加拿大","Planetary Astronomy,Solar system formation and evolution,Cosmology,CMB,Stellar and High-Energy Astrophysics,Extragalactic Astrophysics,Stellar astrophysics, stellar pulsation and asteroseismology, exoplanetary science,Gravitational wave",No,https://phas.ubc.ca/open-positions-physics-astronomy,,,49.2608724,-123.1139529
University Of Pennsylvania,https://www.physics.upenn.edu/research/,"Department of Physics & Astronomy
University of Pennsylvania
209 South 33rd Street
University of Pennsylvania
Philadelphia, PA 19104-6396","Philadelphia, PA 19104美國","Cosmology,millimeter and sub-millimeter observations,observations of the Solar System beyond Neptune,detection of planets and planet-forming systems around nearby stars",No,,,,39.9527237,-75.1635262
UCSD,https://physics.ucsd.edu,"UC San Diego 9500 Gilman Dr. La Jolla, CA 92093","9500 Gilman Dr, La Jolla, CA 92093美國","Cosmolog,Gravitation Astrophysics,CMB Polarization,Origin of Structure,Dark Matter/Energy Theory,Neutrino/Nuclear Astrophysics,Cosmic Rays, High Energy Astronomy,Brown Dwarfs and Planets,Plasma Astrophysics,Solar and Heliospheric Physics",No,,https://cass.ucsd.edu/index.php/seminars:Main,,32.87935255,-117.2311005
University Of Amsterdam (Anton Pannekoek Institute For Astronomy),https://api.uva.nl/?cb,,"Science Park 904, 1098 XH Amsterdam, 荷蘭","Exoplanets and planet formation,Massive stars and stellar populations,Accretion : Inflow & Outflows,Dense matter,Transients, explosions and particles",Yes,https://api.uva.nl/vacancies/phd-recruitment/phd-recruitment.html,https://api.uva.nl/news-and-events/colloquia/colloquia.html,,52.35447964,4.955729666
Carnegie Mellon University,https://www.cmu.edu/physics/research/astro-cosmo.html,"Department of Physics
Carnegie Mellon University
5000 Forbes Avenue
Pittsburgh, PA 15213","5000 Forbes Ave, Pittsburgh, PA 15213美國","Simulation,Cosmology",No,https://www.cmu.edu/physics/news-events/employment.html,,,40.444177,-79.94339075
Mcgill University Astronomy,http://www.physics.mcgill.ca/research/astro.html,"Ernest Rutherford Physics Building
McGill University
3600 rue University
Montréal, QC
Canada H3A 2T8","3550 Rue University, Montréal, QC H3A 2A7加拿大","Neutron stars/Pulsars,Galaxies & Cosmology,Experimental Astrophysics,Exoplanets,Nuclear Astrophysics,Black Holes",No,http://www.physics.mcgill.ca/pos/,,,45.5069231,-73.5777406
University Of Science And Technology Of China,https://en.physics.ustc.edu.cn/7872/listm.htm,,"1129 Huizhou Ave, Baohe District, Hefei, Anhui, China, 230052",,,,,,31.82196663,117.2805042
Johns Hopkins University,https://physics-astronomy.jhu.edu,"Department of Physics & Astronomy, Bloomberg Center for Physics and Astronomy, Room 366
3400 N. Charles Street, Baltimore, MD 21218","Baltimore, MD 21218, United States","Cosmology,Black Holes & High Energy Astrophysics,The Formation and Evolution of Galaxies,Exoplanets,Data-Intensive Science,Instrumentation,Theoretical Astrophysics",No,https://physics-astronomy.jhu.edu/about/jobs/,,,39.2908816,-76.610759
Rwth Aachen University,https://www.physik.rwth-aachen.de/cms/Physik/Forschung/~jmd/Forschungsthemen/lidx/1/,,"Templergraben 55, 52062 Aachen, Germany",Astroparticle Physics and Cosmology,No,https://www.physik.rwth-aachen.de/cms/Physik/Footer/Service/~jnq/Stellenangebote/lidx/1/,,,50.77996512,6.065556383
University Of Wisconsin-Madison,http://www.astro.wisc.edu,"DEPARTMENT OF ASTRONOMY
2535 Sterling Hall
475 N. Charter Street
Madison, WI 53706-1507","Madison, WI, United States","Stars & Stellar Systems,Plasma Astrophysics,Interstellar & Intergalactic Media,Galactic Astronomy,Extragalactic Astronomy & Cosmology,High Energy Astrophysics,Theory and Computation,Instrumentation",Yes,http://www.astro.wisc.edu/about-us/employment-opportunities/,,,43.074761,-89.3837613
Northwestern University,https://physics.northwestern.edu,,"633 Clark St, Evanston, IL 60208美國","Theoretical Astrophysics and Observational Astronomy,",No,,,,42.05644189,-87.67545334
Nagoya University,https://www.phys.nagoya-u.ac.jp/en/study/stu.html,,"Furocho, Chikusa Ward, Nagoya, Aichi 464-8601日本",,Yes,,,,35.15348686,136.96809
University Of Washington,http://depts.washington.edu/astron/,"Communications Building 50 University of Washington #353765, Seattle, WA 98195美國",,,Yes,,,,47.65380128,-122.3109747
The University Of Melbourne,https://astro.physics.unimelb.edu.au,,Parkville VIC 3010澳洲,"Epoch of Reionisation,Galaxy Formation and Evolution,Inflation and the Early Universe,Gravitational Waves,Gravitational Lensing,SatellitesDark Energy,Cultural Astronomy,Neutron Stars and Black holes,Public Data Releases",Yes,,,,-37.79855782,144.9613924
The University Of Hong Kong,https://www.physics.hku.hk/research/research-groups/astrophysics,,香港薄扶林,"Astronomy and Astrophysics Group,",No,,,,22.28299889,114.1370097
University Of Southampton,http://www.astro.soton.ac.uk,,"Hartley Library B12, University Rd, Highfield, Southampton SO17 1BJ英國",,Yes,,,,50.93513622,-1.395931063
The Ohio State University,https://astronomy.osu.edu,,"281 W Lane Ave, Columbus, OH 43210美國","Extrasolar Planetary Systems,Stellar Structure & Evolution,Star Formation & Interstellar Chemistry,Supernovae, Gamma-Ray Bursts & Compact Objects,Galactic Structure,Gravitational Lensing and Microlensing,Galaxy Formation & Evolution,Active Galactic Nuclei & Quasars,Cosmology & Large-Scale Structure,Astronomical Instrumentation",Yes,,,,40.002441,-83.01232671
Pennsylvania State University,https://science.psu.edu/astro,,"State College, PA 16801美國","Astrostatistics and Astroinformatics,Computational Astrophysics,Cosmology,Exoplanets and Brown Dwarfs,Extragalactic Astronomy,High Energy Astrophysics,Neutron Stars,Particle Astrophysics,Star Formation,Stellar Astrophysics",Yes,,,,40.79805084,-77.86034828
The University Of Sydney,https://www.sydney.edu.au/science/our-research/research-centres/sydney-institute-for-astronomy.html#research,,Camperdown NSW 2006澳洲,"Solar flares,Discovering exoplanets,Stars and stellar remnants,The Milky Way and the Local Group,Supernova remnants,Extragalactic astronomy,Gravitational lensing,Cosmology,Astrophotonics",No,,,,-33.88871728,151.1870704
University Of Colorado Boulder,https://www.colorado.edu/aps/,,"Boulder, CO 80309美國","Planetary Science,Observational Astrophysics,Theoretical Astrophysics,Astronomy Education,Space Physics,Solar Physics,Instrumentation",Yes,,,,40.00750702,-105.2663172
Durham University,https://astro.dur.ac.uk,"Institute for Computational Cosmology,
Ogden Centre for Fundamental Physics - West,
Department of Physics,
Durham University,
South Road,
Durham DH1 3LE","Lower Mountjoy, South Rd, Durham DH1 3LE, United Kingdom",Research in Theoretical Astrophysics,No,https://www.dur.ac.uk/jobs/,,,54.76707014,-1.573869609
Delft University Of Technology,https://spaceinstitute.tudelft.nl,,"Mekelweg 5, 2628 CD Delft, 荷蘭",,No,,,,52.00205978,4.373426395
Universität Hamburg,https://www1.physik.uni-hamburg.de/en.html,,,"Astroparticle Physics,Gravitational Wave Sources,Early Universe Relics,Magnetohydrodynamics in the Early Universe,Ultra-High Energy Cosmic Rays",No,,,,53.56998811,9.976685373
Perdue University,http://www.physics.purdue.edu,,,Astrophysics & Relativity,No,,,,40.42364004,-86.92123752
University Of Pisa,http://astro.df.unipi.it/SAA/,,"Lungarno Antonio Pacinotti, 43, 56126 Pisa PI, Italy","Cosmology/ Galactic Structure and Evolution,High Energy Astrophysics/ Astroparticle,Interstellar Medium,Planetary/ Extrasolar,Plasma/ MHD/ Fluids,Stellar Astrophysics",Yes,http://astro.df.unipi.it/SAA/astro_links_job.html,,,43.71666301,10.39884874
Sungkyunkwan University,http://physics.skku.ac.kr/xe/eng,"SKKU PHYSICS, 2066, Seobu-ro, Jangan-gu, Suwon-si, Gyeong Gi-do, Korea","25-2 Sungkyunkwan-ro, Myeongnyun 3(sam)ga-dong, Jongno-gu, Seoul, 南韓","cosmology,Experimental Gravitational Wave",No,,,,37.3003187,126.9697911
University Of Geneva,https://www.unige.ch/sciences/astro/en/,"24 rue du Général-Dufour
1211 Genève 4","1205 Geneva, 瑞士",,Yes,,,,46.19632209,6.142722569
University Of Waterloo,https://uwaterloo.ca/astrophysics-centre/,"Department of Physics and Astronomy
University of Waterloo
200 University Avenue West
Waterloo, Ontario, Canada N2L 3G1","200 University Ave W, Waterloo, ON N2L 3G1加拿大","Cosmology,Black hole,Gravitational waves and gravitational lenses,Galaxies,Stars,ISM,GR,QM",No,https://uwaterloo.ca/astrophysics-centre/postdoctoral-opportunities,https://uwaterloo.ca/astrophysics-centre/talks,,43.4682762,-80.5429494
Nanjing University,https://astronomy.nju.edu.cn/,"Astronomy Building, Xianlin Campus, Nanjing University, 163 Xianlin Avenue, Nanjing, Jiangsu, 210093, P.R.China","Gulou, Nanjing, Jiangsu, 中國","High Energy Astrophysics,Solar Physics,Galaxies and Cosmology,Celestial Mechanics and Planetary Dynamics,Astronomical Reference System and Astrometry,Space Weather,Spacecraft Orbit Design and Control",Yes,https://astronomy.nju.edu.cn/cpyc/cpyc/index.html,,,32.0689019,118.7647684
University Of Copenhagen,https://www.nbi.ku.dk/english/research/astrophysics/,"Blegdamsvej 17, 2100 København, Denmark","MHJC+3H Copenhagen Municipality, Denmark","Planets,Stars,Galaxies,Cosmology,High energy astrophysics",Yes,https://employment.ku.dk/,,,55.69682,12.57144881
Leiden University,https://www.universiteitleiden.nl/en/science/graduate-school-of-science/phd-programmes/astronomy,"Huygens Laboratory / J.H. Oort Building
Niels Bohrweg 2
NL-2333 CA Leiden
The Netherlands","Rapenburg 70, 2311 EZ Leiden, 荷蘭","Galaxies,Exoplanets, formation of stars and planets,NOVA",Yes,https://www.universiteitleiden.nl/en/science/astronomy/jobs,,,52.16863385,4.459663057
"Stony Brook University, State University Of New York",http://www.astro.sunysb.edu/,,"100 Nicolls Rd, Stony Brook, NY 11794美國","STARS AND COMPACT OBJECTS,GRAVITATIONAL WAVE ASTRONOMY,COSMOLOGY,EXTRAGALACTIC ASTRONOMY,ALGORITHM DEVELOPMENT",No,,http://www.astro.sunysb.edu/astro/seminars_share.html,,40.91465711,-73.1257626
Kth Royal Institute Of Technology,https://www.kth.se/en/sci/centra/rymdcenter,"KTH Royal Institute of Technology
SE-100 44 Stockholm
Sweden","Brinellvägen 8, 114 28 Stockholm, 瑞典","CubeSat,Jupiter Icy moon Explorer,Instrumentation",No,,,,59.3498183,18.0707826
Novosibirsk State University,https://education.nsu.ru/department_physics_english/,,"Novosibirsk, Novosibirsk Oblast, Russia, 630090",Aerophysics,No,,,,54.84767823,83.09423819
University of Auckland,https://www.iag.usp.br/international/,"Instituto de Astronomia, Geofísica e Ciências Atmosféricas - Rua do Matão, 1226 - Cidade Universitária São Paulo-SP - Brasi","巴西 State of São Paulo, São Paulo, Butanta","Radioastronomy,Astrobiology,Atmospheric Sciences,Geophysics",No,,,,-23.5690555,-46.72188336
King'S College London,https://www.kcl.ac.uk/research/theoretical-particle-physics-cosmology,,"Strand, London WC2R 2LS, United Kingdom","Cosmology,Supersymmetry,Inflation,Loop Quantum Cosmology,Non-perturbative aspects in Field Theory,",No,,,,51.5113328,-0.1159326285
University Of Glasgow,http://www.astro.gla.ac.uk/,"Kelvin Building, University of Glasgow, Glasgow, G12 8QQ","Glasgow G12 8QQ, United Kingdom","Solar Physics,Plasma Physics,Cosmology,Radio Astronomy",No,,,,55.8609825,-4.2488787
Alma Mater Studiorum - University Of Bologna,https://physics-astronomy.unibo.it/en,"Università di Bologna - Via Zamboni, 33 - 40126 Bologna","Via Zamboni, 33, 40126 Bologna BO, Italy","AGN,Astronomical Instrumentation and Technology,Cosmology, clusters of galaxies and galaxy evolution,Extragalactic magnetic fields and nonthermal components,Galaxies and Interstellar Medium,Stars and Stellar Populations",No,,,,44.4968718,11.3524529
Michigan State University,https://astro.natsci.msu.edu/,"Biomedical & Physical Sciences Building
567 Wilson Rd, Rm 3261
East Lansing, MI 48824","Michigan, United States","STELLAR AND NUCLEAR ASTROPHYSICS,GALAXIES AND COSMOLOGY,COMPUTATIONAL ASTROPHYSICS,HIGH-ENERGY AND PARTICLE ASTROPHYSICS",Yes,https://astro.natsci.msu.edu/news-events/job-postings/,,,43.6211955,-84.6824346
University Of Bristol,https://www.bristol.ac.uk/physics/research/astrophysics/,"University of Bristol
Beacon House
Queens Road
Bristol, BS8 1QU, UK","Bristol BS8 1TH, United Kingdom","Active Galaxies,Black holes,Clusters of Galaxies,Data-Intensive Astronomy,Exoplanet Atmospheres,Galactic Line Emission,Galaxies and their Evolution,CMB,Planet Formation and Collisional Evolution",No,http://www.bristol.ac.uk/physics/research/astrophysics/postgrad/,,,51.4538022,-2.5972985
The Chinese University Of Hong Kong,http://www.phy.cuhk.edu.hk/research/areas.php?f=0,"Room 108, 1st Floor, Science Centre North Block, Department of Physics,
The Chinese University of Hong Kong,
Sha Tin, NT,
Hong Kong, China","The Chinese University of Hong Kong, Central Ave, Hong Kong","Phenomenological and Computational Astrophysics and Cosmology,High-energy Astro-particle Physics,High Energy Physics,Neutrino Oscillation Experiment,Star Formation,Computational Astrophysics,Gravitational Waves,Relativity and Astrophysics",No,,,,22.4202695,114.2078634
Rice University,https://physics.rice.edu/,"6100 Main St., Houston, TX 77005-1827","6100 Main St, Houston, TX 77005, United States","Star and Planet Formation,Space Plasma Physics",No,,,,29.7201347,-95.3987573
The Graduate University For Advanced Studies,https://guas-astronomy.jp/eng/index.html,,"Shonankokusaimura, Hayama, Miura District, Kanagawa 240-0193, Japan",,,,,,35.26117382,139.6083461
University Of Massachusetts Amherst,https://www.astro.umass.edu/academics/grad-program?_gl=1%2A224wam%2A_ga%2AOTkwNzM1OTQzLjE2MzMxNDUxODY.%2A_ga_21RLS0L7EB%2AMTYzMzE0NTE4Ni4xLjEuMTYzMzE0NjMwNC4w&_ga=2.127086861.1275811159.1633145186-990735943.1633145186,"Department of Astronomy
University of Massachusetts Amherst
Lederle Graduate Research Tower, 619-E
710 N Pleasant Street
Amherst, MA 01003-9305","Amherst, MA 01003美國","Interstellar Medium,Cometary Science,Star Formation,Galactic Structure and Dynamics,Galaxies,Cosmology",Yes,https://www.astro.umass.edu/about/jobs,,,42.3685658,-72.505714
University Of Cologne,https://www.gradschool.physics.uni-bonn.de/,"Department of Physics Physical Institute Zülpicher Str.77 50937 Köln, Germany","Zülpicher Str. 77, 50937 Köln, Germany","astrophysics,Cosmology",No,,,,50.92545256,6.932543998
Universität Basel,https://physik.unibas.ch/en/,"Oliver Müller, Universität Basel, Departement Physik","Petersplatz 1, 4001 Basel, 瑞士","Cosmology,Theoretical Astrophysics",No,,,,47.55823375,7.582858346
National Central University,https://www.astro.ncu.edu.tw/index_e.php,,"No. 300, Zhongda Road, Zhongli District, Taoyuan City, 320","High Energy Astrophysics,Extragalactic Astronomy,Infrared Astronomy,Astrophysics,Solar System,Planetary Science,Transient Astronomy",Yes,https://www.astro.ncu.edu.tw/index_e.php,https://www.astro.ncu.edu.tw/activity/colloquium_e.php,,24.97159229,121.1919641
National Tsing Hua University,http://www.astr.nthu.edu.tw/index.php?Lang=en,"General Building II, NTHU, No. 101, Section 2, Kuang-Fu Road, Hsinchu 30013, Taiwan, R.O.C","No. 101號, Section 2, Guangfu Road, East District, Hsinchu City, 300","Astronomical survey,Compact objects,Computational explosive astrophysics,Feedback in galaxies and clusters,Galaxy formation and galaxy archaeology,High energy astrophysics,Interstellar magnetic fields,Cosmology,Radio astronomy",No,,,,24.79172355,120.992207
Aryabhatta Research Institute of Observational Sciences,https://www.aries.res.in/,"Manora Peak, Nainital-263001, Uttarakhand, India","Manora peak, Beluwakhan, Uttarakhand 263002印度","Sun and related phenomena,Stars, binary stars and stellar variability,Star formation and stellar evolution,Inter stellar medium and dust,Astronomical catastrophic transients,Formation and evolution of galaxies,Nuclei of active galaxies and related phenomena,Theoretical and numerical astrophysics,Development of observing facilities for astronomy",Yes,https://www.aries.res.in/opportunities/faculty-positions,,,29.35933332,79.45804673
Indian Institute of Astrophysics,https://www.iiap.res.in/,"Indian Institute of Astrophysics,
II Block, Koramangala,
Bengaluru 560 034, INDIA","Sarjapur Main Road, 2nd Block, Koramangala, Bengaluru, Karnataka 560034印度","Sun And Solar System,Stars and Galaxies,Theory,Instrumentation",Yes,https://www.iiap.res.in/?q=graduate_page,,,12.92640012,77.6212584
Tata Institute of Fundamental Research,https://www.tifr.res.in/~daa/,"Tata Inst. of Fundamental Research
Homi Bhabha Road, Colaba
Mumbai 400005, INDIA","Dr Homi Bhabha Road, Navy Nagar, Colaba, Mumbai, Maharashtra 400005印度","X-Ray and Gamma Ray Astronomy,Infrared and Optical Astronomy,Theoretical Astrophysics",No,https://www.tifr.res.in/~daa/career.html,,,18.9068911,72.8051318
National Center for Radio Astronomy,http://www.ncra.tifr.res.in/ncra/main,"Pune University Campus, Post Bag 3, Ganeshkhind Pune 411007, INDIA","Savitribai Phule Pune University Campus, Spicer College Road, opp. Botanical Garden, Ganeshkhind, Pune, Maharashtra 411007印度","The Sun and the Heliosphere,The Milky Way,Pulsars and Transients,Pulsar Surveys,The Interstellar Medium,Nearby Galaxies,Active Galaxies and Clusters,High Redshift Galaxies,Cosmology and the Epoch of Reionization,Fundamental Constant Evolution,Extragalactic Deep Fields,Radio Continuum Surveys,The Intergalactic Medium,The Giant Metrewave Radio Telescope,The Ooty Radio Telescope,The Square Kilometre Array,Astronomical instrumentation",Yes,http://www.ncra.tifr.res.in/ncra/opportunities,,,18.56029255,73.82618441
Inter-University Centre for Astronomy and Astrophysics,https://www.iucaa.in/,,"Post Bag 4, Ganeshkhind, Pune, Maharashtra 411007印度","Classical and quantum gravity,Cosmic magnetic fields,Cosmic Microwave Background studies,Cosmology and large scale structure,Galactic and extragalactic astronomy,Gravitational waves,High energy astrophysics,Instrumentation for astronomy,Interstellar medium,Observational Astronomy,Quantum metrology for precision measurements,Solar Physics,Solar system and stellar physics,Virtual observatory",Yes,https://www.iucaa.in/Opportunities.html,,,18.55935337,73.82532223
Indian Institute of Space Science and Technology,https://www.iist.ac.in/,,"Valiamala Road, Valiamala, Kerala 695547印度",,No,,,,8.626494516,77.03380428
Raman Research Institute,http://www.rri.res.in/,,"C. V. Raman Avenue, 5th Cross Road, Sadashivanagar, Near Mekhri Circle, Bengaluru, Karnataka 560080印度","Theoretical Astrophysics and Cosmology,Observational Astronomy,Experimental Astronomy,Algorithms & Signal Processing",No,,,,13.01290922,77.58044069
Physical Research Lab,https://www.prl.res.in/prl-eng/,,"Physical Research Laboratory, University Area, Ahmedabad, Gujarat 380009印度","Optical and Infrared Astronomy,Planetary SciencesTheoretical Physics",No,https://www.prl.res.in/prl-eng/faculty_opening,,,23.03559118,72.54313423
Bose Institute,http://www.jcbose.ac.in/centre-for-astroparticle-physics-space-sciences,"P-1/12, CIT Road Scheme VIIM
Kolkata 700 054 WB India","P-1/12, CIT Rd, Scheme VIIM, Kankurgachi, Kolkata, West Bengal 700054印度","Astrophysics,Cosmology,Quantum Physics,Radiophysics and climate related topics",No,,,,22.58614611,88.39358732
Saha Institute of Nuclear Physics,http://www.saha.ac.in/web/npd-home,,"Sector 1, AF Block, Bidhan Nagar, Bidhannagar, Kolkata, West Bengal 700064印度",Low energy nuclear astrophysics,No,,,,22.6010929,88.42095846
"Department of Physics and Astrophysics , University of Delhi",http://physics.du.ac.in/,,"Sector 1, AF Block, Bidhan Nagar, Bidhannagar, Kolkata, West Bengal 700064印度",Astrophysics and Cosmology,No,,,,28.58408004,77.16337381
Hawaii University,http://www.ifa.hawaii.edu,,"2444 Dole St, Honolulu, HI 96822美國","The Sun,Solar System,Exoplanets,Stars,Interstellar Matter and Star Formation,Galaxies,Galaxy Clustering,Cosmology,Surveys,Instrumentation Development",Yes,,,,21.29904609,-157.8223274
The University of Virginia,https://astronomy.as.virginia.edu,"Department of Astronomy
P.O. Box 400325
530 McCormick Road
Charlottesville, VA 22904-4325","Charlottesville, VA, 美國","Theoretical and Computational Astrophysics,Planetary Science,Stellar and Planetary Astrophysics,Star Formation and the ISM,Galactic Structure and the APOGEE project,Extragalactic Astronomy, including AGN,X-ray Astonomy and Clusters of Galaxies,Instrumentation Development,Astrochemistry,Near-Field Cosmology",Yes,,,,38.03365429,-78.50815959
University of Toronto,https://www.dunlap.utoronto.ca/,,,"SOLAR SYSTEMS & EXOPLANETS,STARS,GALAXIES,ORIGIN OF THE UNIVERSE,INSTRUMENTATION",Yes,,,,43.66301586,-79.3957315
NASA,https://www.nasa.gov/,,,,,https://www.nasa.gov/careers/how-to-apply,,,41.41617319,-81.858251
JPL,https://www.jpl.nasa.gov/,,"4800 Oak Grove Dr, Pasadena, CA 91109美國","4800 Oak Grove Dr, Pasadena, CA 91109美國",,https://www.jpl.jobs/search-results,,,34.20137907,-118.1713729
ESA,http://www.esa.int/,,"24 Rue du Général Bertrand CS 30798, 75007 Paris, 法國",,,http://www.esa.int/About_Us/Careers_at_ESAA,,,48.84690095,2.313627015
JAXA,https://global.jaxa.jp/,,,,,https://global.jaxa.jp/about/employ/index.html,,,36.0707689,140.1302899
Canadian Institute of Theoretical Astrophysics,https://www.cita.utoronto.ca/,,"60 St George St, Toronto, ON M5S 3H8加拿大","The Early Universe, Large Scale Structure and Cosmic Microwave Background,Galaxies,Interstellar Medium,Black Holes, Neutron Stars & White Dwarfs,Planets and Planetary Systems",Yes,,,,43.66048016,-79.39851766
Herzberg Astronomy and Astrophysics Research Centre,https://nrc.canada.ca/en/research-development/research-collaboration/research-centres/herzberg-astronomy-astrophysics-research-centre,,,"ALMA research and development,CFHT research and development,Gemini Observatory research and development",Yes,,,,48.52037414,-123.4184238
Origins Institute,https://origins.mcmaster.ca/,,"A.N Bourns Science Building, College Ct, Hamilton, ON L8S 4L8加拿大","Origin of Space-Time,Origins of Structure in the Cosmos,Origins of Elements,Origin of Life,Origins of Species & Biodiversity,Origins of Consciousness",Yes,,,,43.26018321,-79.92181624
Perimeter Institute,https://perimeterinstitute.ca/,,"31 Caroline St N, Waterloo, ON N2L 2Y5加拿大","Cosmology,Strong gravity",No,,,,43.4654327,-80.52724159
University of Arizona,https://www.as.arizona.edu,,,,,,,,32.2319667604646,-110.950141588769
Duke University,https://physics.duke.edu/research/astrophysics,,,,,,,,36.0033532878986,-78.9422323364796
Pontificia Universidad Católica de Chile (UC),https://astro.uc.cl/en/grados-y-docencia-2/doctorate-in-astrophysics,,,,,,,,-33.4417441123165,-70.6399329445626
Monash University,https://www.monash.edu/science/schools/physics/postgrad,,,,,,,,-37.910295902575,145.13184637145
University of Birmingham,https://www.birmingham.ac.uk/postgraduate/courses/research/physics/physics-astronomy-phd.aspx?OpenSection=FeesAndFunding,,,,,,,,52.4533184655282,-1.92806828022031
University of Zurich,https://www.ctac.uzh.ch/en/,,,,,,,,47.3970652916889,8.54817999631806
Yonsei University,https://devcms.yonsei.ac.kr/galaxy_en/index.do,,,,,,,,37.5658560993445,126.938491448905
Brown University,https://www.brown.edu/academics/physics/astrophysics-cosmology,,,,,,,,41.8267506368386,-71.3986387494223
Chalmers University of Technology,https://www.chalmers.se/en/departments/see/research/Astronomy-and-Plasma-Physics/Pages/default.aspx,,,,,,,,57.689806115708,11.9740436813376
The University of Queensland,https://smp.uq.edu.au/research/astrophysics,,,,,,,,-27.4975884341318,153.013551022772
The University of Sheffield,https://www.sheffield.ac.uk/physics/research/astrophysics,,,,,,,,53.3813245815702,-1.4887876820359
Stockholm University,https://www.astro.su.se/english/,,,,,,,,59.3621682141525,18.0576056930459
University of Minnesota Twin Cities,https://cse.umn.edu/mifa,,,,,,,,44.9752778434345,-93.2345776055003
University of Göttingen,https://www.uni-goettingen.de/en/institute/215072.html,,,,,,,,51.5592712199814,9.94534652529372
KU Leuven,https://fys.kuleuven.be/ster,,,,,,,,50.8627256126783,4.67665937301292
Queen Mary University of London,https://www.qmul.ac.uk/spcs/astro/,,,,,,,,51.524081564765,-0.040457023136458
Radboud University,https://www.ru.nl/astrophysics/,,,,,,,,51.8248642846254,5.86874156578356
University of Nottingham,https://www.nottingham.ac.uk/astronomy/,,,,,,,,52.9426021374055,-1.19159864767077
Universitat de Valencia,https://www.uv.es/uvweb/astronomy-astrophysics-department/en/department-astronomy-astrophysics-1285854555555.html,,,,,,,,39.5072944032128,-0.42003339010254
Universität Innsbruck,https://www.uibk.ac.at/astro/index.html.en,,,,,,,,47.2649553950711,11.3428291828202
University of Vienna,https://astro.univie.ac.at/en/,,,,,,,,48.2314504508211,16.3342251693584
Université de Paris,http://www.iap.fr/institut/presentation/presentation.php,,,,,,,,48.8347750074358,2.33529602704939
University of Florida,https://astro.ufl.edu,,,,,,,,29.6489241751745,-82.3457936464989
University of St Andrews,https://astronomy.wp.st-andrews.ac.uk,,,,,,,,56.3399592739328,-2.80981367453507
Uppsala University,https://www.physics.uu.se/research/astronomy-and-space-physics/,,,,,,,,59.8390633298755,17.6469606814191
Weizmann Institute of Science ,https://www.weizmann.ac.il/particle/,,,,,,,,31.9037905136628,34.8080422265651
University of North Carolina–Chapel Hill,https://physics.unc.edu,,,,,,,,35.9104981879082,-79.0527046955632
University of New South Wales,https://www.science.unsw.edu.au/engagement/scixunsw-science-extension-program/astronomy,,,,,,,,-33.9181135257726,151.22943120602
University of Pittsburgh,https://www.physicsandastronomy.pitt.edu,,,,,,,,40.4445851597029,-79.9582125761416
University of Texas–Austin,https://astronomy.utexas.edu,,,,,,,,30.2889820071943,-97.7364875442942
King Abdulaziz University,https://astr.kau.edu.sa/Default-13006-EN,,,,,,,,21.4932874512659,39.2391580263582
Catholic University of Leuven,https://fys.kuleuven.be/ster,,,,,,,,50.8627750105034,4.67657187554698
Utrecht University,https://www.uu.nl/en/organisation/department-of-physics,,,,,,,,52.0852622028701,5.17550257143005
Vanderbilt University,https://as.vanderbilt.edu/physics/,,,,,,,,36.14439034398,-86.8021982021652
Emory University,http://www.physics.emory.edu/home/undergrad/astronomy/index.html,,,,,,,,33.7904324097964,-84.3269240500993
Wageningen University and Research Center,https://www.wur.nl/en/research-results/chair-groups/wur-physical-sciences.htm,,,,,,,,51.9845557797164,5.66580178482794
University of California–Irvine,https://www.physics.uci.edu,,,,,,,,33.6440548392678,-117.843405773393
University of Groningen,https://www.rug.nl/bachelors/astronomy/?lang=en,,,,,,,,53.219308347489,6.56301938487137
University of Cape Town,http://www.ast.uct.ac.za,,,,,,,,-33.9575985863756,18.4612312842856
University of Bern,https://www.aiub.unibe.ch/index_eng.html,,,,,,,,46.9513215323736,7.43886250739407
McMaster University,https://physics.mcmaster.ca,,,,,,,,43.2609267918928,-79.9192188620905
University of Leeds,https://eps.leeds.ac.uk/physics,,,,,,,,53.8053903299783,-1.55240760161423
University of Montreal,https://www.umontreal.ca/en/astrophysics/,,,,,,,,45.5057788398419,-73.6137822115323
University of Exeter,http://emps.exeter.ac.uk/physics-astronomy/research/astrophysics/,,,,,,,,50.7369195971978,-3.5364564196512
University of Sussex,https://www.sussex.ac.uk/research/centres/astronomy/,,,,,,,,50.8642372363108,-0.0869163152109124
Lancaster University,https://www.lancaster.ac.uk/physics/research/astrophysics/,,,,,,,,54.0106643523259,-2.78413920160687